word,count
get,308
got,245
know,236
call,236
good,233
like,232
come,227
day,214
time,201
love,199
going,169
one,167
home,165
want,164
need,158
today,139
see,139
later,135
back,130
send,129
think,128
take,125
tell,122
well,113
hope,109
night,109
dear,109
happy,106
great,104
way,101
work,97
give,94
say,92
already,90
right,89
make,89
ask,89
said,88
really,85
tomorrow,83
wan,81
phone,81
morning,79
life,79
cos,76
meet,75
let,75
anything,74
would,72
sure,71
babe,71
miss,70
pick,69
something,69
text,68
new,67
number,67
care,66
week,65
last,65
wait,64
keep,63
feel,62
nice,62
buy,62
went,62
message,62
thing,62
free,60
sent,60
around,59
gon,59
soon,58
late,58
sleep,58
tonight,57
first,57
always,57
msg,57
even,56
money,56
many,56
dun,55
place,55
leave,55
told,54
could,53
fine,52
things,52
wish,52
haha,51
coming,51
friends,50
find,50
someone,48
yet,48
people,47
lunch,46
getting,46
done,46
thought,46
next,46
heart,46
smile,45
stuff,44
man,44
reply,44
year,44
may,43
bit,43
class,43
meeting,43
thats,43
job,43
try,42
finish,42
never,42
long,42
better,42
house,42
car,41
friend,41
dat,41
person,41
talk,40
best,40
cool,40
every,40
use,40
mind,39
lar,38
eat,38
lot,38
sir,38
problem,38
world,37
name,37
stop,37
liao,37
help,36
dinner,36
waiting,36
ready,36
shit,36
sweet,35
check,35
another,35
birthday,35
big,35
might,35
quite,35
watching,34
room,34
nothing,34
early,33
aight,33
watch,33
days,33
probably,33
wont,32
remember,32
bed,32
forgot,32
special,32
boy,32
called,32
plan,32
ever,32
actually,32
den,32
princess,32
month,31
guess,31
girl,31
dunno,31
two,31
bad,31
kiss,31
pay,30
bus,30
left,30
maybe,30
guys,30
leh,30
face,30
luv,30
hour,30
sat,30
office,30
anyway,29
working,29
everything,29
baby,29
start,29
enjoy,29
hear,29
dad,29
look,28
trying,28
afternoon,28
without,28
tmr,28
made,28
dis,28
put,28
wife,28
wif,27
enough,27
end,27
okay,27
says,27
school,27
mail,27
little,27
missing,27
evening,27
nite,27
min,27
minutes,27
goes,26
though,26
times,26
wanted,26
half,26
pain,26
came,26
means,26
abt,26
able,26
hav,26
reach,26
wake,26
guy,26
bring,26
since,25
juz,25
decimal,25
town,25
alright,24
weekend,24
missed,24
saw,24
hair,24
real,24
wen,24
havent,24
worry,24
speak,23
words,23
run,23
else,23
making,23
food,23
haf,23
oso,23
true,23
shopping,23
dude,23
online,23
makes,23
ard,22
test,22
must,22
coz,22
xxx,22
asked,22
hurt,22
friendship,22
fun,22
change,22
family,22
goin,22
yesterday,21
part,21
sms,21
show,21
play,21
account,21
full,21
years,21
tot,21
beautiful,21
together,21
away,21
sad,21
looking,20
smiling,20
driving,20
mean,20
leaving,20
story,20
sleeping,20
noe,20
happen,20
chikku,20
stay,20
feeling,20
lose,20
saying,20
wants,20
drive,20
dreams,20
set,19
aft,19
tomo,19
took,19
finished,19
movie,19
busy,19
believe,19
awesome,19
details,19
thinking,19
bored,19
mum,19
rite,19
brother,18
tho,18
second,18
started,18
cause,18
address,18
old,18
comes,18
easy,18
walk,18
angry,18
drink,18
head,18
simple,18
mine,18
neva,18
plus,18
live,17
lesson,17
com,17
taking,17
parents,17
carlos,17
smoke,17
sis,17
trip,17
lets,17
book,17
sister,17
whatever,17
email,17
knw,17
loving,17
treat,16
smth,16
mom,16
decided,16
forget,16
prob,16
gone,16
happened,16
type,16
open,16
whats,16
everyone,16
boytoy,16
touch,16
found,16
college,16
sounds,16
wid,16
ring,16
far,16
kind,16
pub,16
hours,16
sun,16
anyone,16
drop,16
available,15
wonderful,15
calls,15
search,15
friday,15
question,15
lots,15
hand,15
wit,15
needs,15
darlin,15
goodmorning,15
oredi,15
shop,15
company,15
light,15
calling,15
post,15
fucking,15
outside,15
pretty,15
holiday,15
sea,15
fast,15
eve,15
lovely,15
wrong,15
party,15
mobile,15
chennai,15
hows,15
sunday,14
seeing,14
telling,14
whole,14
frnds,14
used,14
close,14
answer,14
finally,14
course,14
mrng,14
chat,14
important,14
case,14
tel,14
meant,14
hold,14
read,14
jay,14
project,14
reason,14
frm,14
snow,14
mate,14
least,14
earlier,14
alone,14
point,13
per,13
almost,13
cut,13
hee,13
mah,13
felt,13
tired,13
hard,13
txt,13
break,13
march,13
side,13
dnt,13
blue,13
stupid,13
bslvyl,13
reading,13
ago,13
talking,13
ass,13
ten,13
card,13
fri,13
yar,13
happiness,13
mayb,13
word,13
understand,13
gas,13
father,13
hungry,12
messages,12
cash,12
askd,12
uncle,12
contact,12
joy,12
bank,12
minute,12
xmas,12
semester,12
laptop,12
takes,12
swing,12
die,12
christmas,12
chance,12
ish,12
seen,12
couple,12
india,12
mins,12
supposed,12
either,12
park,12
listen,12
gym,12
game,12
darren,12
picking,12
ugh,12
knew,12
grins,12
gal,12
difficult,12
john,12
sexy,12
usf,11
date,11
comin,11
abiola,11
crave,11
gets,11
move,11
girls,11
checking,11
shower,11
hit,11
lovable,11
wine,11
safe,11
muz,11
bath,11
orchard,11
kate,11
exam,11
bcoz,11
wana,11
rest,11
lost,11
plans,11
small,11
met,11
asking,11
win,11
monday,11
confirm,11
join,11
blood,11
clean,11
paper,11
wonder,11
whenever,11
truth,11
feels,11
support,11
loved,11
slowly,11
crazy,10
nah,10
callertune,10
press,10
worried,10
hospital,10
wow,10
reached,10
download,10
loads,10
gave,10
sending,10
cost,10
pray,10
spend,10
frnd,10
bathe,10
study,10
deep,10
leaves,10
usual,10
tonite,10
somewhere,10
merry,10
figure,10
rakhesh,10
moment,10
woke,10
slow,10
rock,10
yep,10
voice,10
booked,10
different,10
water,10
less,10
hoping,10
across,10
kids,10
sound,10
drugs,10
sell,10
wishing,10
charge,10
poor,10
sort,10
otherwise,10
convey,10
nobody,10
hrs,10
write,10
doin,10
empty,10
police,10
copy,9
promise,9
seriously,9
knows,9
sick,9
catch,9
decide,9
saturday,9
situation,9
forever,9
short,9
song,9
lucky,9
rain,9
boss,9
buying,9
lazy,9
lect,9
staying,9
doesnt,9
especially,9
studying,9
trust,9
deal,9
dead,9
mrt,9
ive,9
lessons,9
goodnight,9
disturb,9
worries,9
fone,9
unless,9
somebody,9
accept,9
pete,9
texts,9
urself,9
weed,9
customer,9
news,9
none,9
via,9
cum,9
meh,9
near,9
rent,9
silent,9
train,9
noon,9
‰ûò,9
laugh,9
bold,9
seems,9
msgs,9
glad,9
eyes,9
possible,9
tampa,9
heard,9
hiya,9
visit,9
doctor,9
mon,9
mode,9
wondering,9
others,9
tht,9
reaching,9
moral,9
fact,9
congrats,9
excellent,9
red,9
thinkin,9
sitting,9
colleagues,9
sofa,9
anymore,8
months,8
mark,8
pizza,8
cheers,8
quick,8
nigeria,8
stand,8
spent,8
trouble,8
hurts,8
loves,8
planning,8
price,8
umma,8
wishes,8
weight,8
invited,8
apartment,8
bak,8
sometimes,8
dream,8
completely,8
net,8
slept,8
road,8
correct,8
lem,8
rose,8
coffee,8
normal,8
power,8
cake,8
fault,8
brings,8
facebook,8
fullonsms,8
funny,8
din,8
kinda,8
thru,8
style,8
line,8
opinion,8
realy,8
fingers,8
warm,8
workin,8
daddy,8
ends,8
valentine,8
alex,8
longer,8
tuesday,8
idea,8
add,8
library,8
slave,8
omg,8
gettin,8
training,8
iam,8
medical,8
nyt,8
movies,8
film,8
honey,8
frens,8
cover,8
south,8
ice,8
wednesday,8
mood,8
bugis,7
cine,7
request,7
naughty,7
sucks,7
tea,7
eating,7
ahead,7
liked,7
joke,7
wun,7
save,7
tickets,7
pleasure,7
men,7
cuz,7
computer,7
eatin,7
paying,7
bother,7
yijue,7
swt,7
persons,7
waste,7
hop,7
hell,7
log,7
experience,7
offer,7
towards,7
using,7
however,7
bucks,7
bill,7
past,7
appreciate,7
street,7
battery,7
kallis,7
showing,7
lover,7
sense,7
imagine,7
advance,7
yoga,7
interested,7
round,7
insurance,7
cold,7
forward,7
air,7
happening,7
mistake,7
giving,7
lift,7
urgent,7
tough,7
remove,7
depends,7
single,7
malaria,7
fat,7
rather,7
pass,7
omw,7
pics,7
gee,7
door,7
marriage,7
izzit,7
choose,7
present,7
imma,7
valentines,7
shuhui,7
weather,7
awake,7
torch,7
looks,7
sit,7
dey,7
order,7
holla,7
yest,7
gift,7
bag,7
ones,7
model,7
mother,7
hai,7
heavy,7
nxt,7
miracle,7
black,7
hot,7
tuition,7
complete,7
cell,7
dog,7
alrite,7
shd,7
luck,7
walking,7
meaning,7
players,7
share,7
instead,7
buzz,7
inside,7
sight,7
bedroom,7
holding,7
list,7
thnk,7
excuse,7
energy,7
including,7
vikky,7
surprise,7
tear,7
worse,7
cute,7
murdered,7
maid,7
murderer,7
happens,7
behind,7
planned,7
joking,6
melle,6
tyler,6
usually,6
double,6
rply,6
kano,6
don‰û÷t,6
changed,6
page,6
directly,6
qatar,6
turns,6
spoke,6
bye,6
joined,6
system,6
cal,6
childish,6
dint,6
ended,6
sunny,6
anybody,6
sign,6
track,6
return,6
report,6
wiv,6
num,6
posted,6
relax,6
pilates,6
putting,6
aathi,6
wnt,6
vry,6
lacs,6
ticket,6
askin,6
group,6
ttyl,6
fixed,6
character,6
tat,6
children,6
campus,6
lady,6
self,6
hurry,6
cheap,6
aiyo,6
barely,6
scream,6
indian,6
paid,6
earth,6
evng,6
fetch,6
ans,6
law,6
gap,6
wer,6
aftr,6
students,6
menu,6
running,6
exactly,6
top,6
closed,6
damn,6
wats,6
within,6
boo,6
teasing,6
surely,6
matter,6
version,6
midnight,6
sup,6
murder,6
teach,6
ate,6
wherever,6
expensive,6
kerala,6
loverboy,6
questions,6
serious,6
april,6
yrs,6
process,6
works,6
regards,6
aiyah,6
weeks,6
howz,6
raining,6
station,6
thts,6
marry,6
problems,6
yahoo,6
cafe,6
nature,6
keeping,6
except,6
internet,6
screaming,6
naked,6
theatre,6
ahmad,6
armand,6
nimya,6
role,6
checked,6
pussy,6
budget,6
random,6
plenty,6
cancer,6
feb,6
january,6
tick,6
meds,6
etc,6
callers,5
searching,5
thatåõs,5
i‰û÷m,5
stock,5
egg,5
learn,5
roommate,5
texting,5
hopefully,5
weak,5
ride,5
plane,5
respect,5
urgnt,5
sum,5
ave,5
boston,5
scared,5
entered,5
cabin,5
shirt,5
shows,5
become,5
fancy,5
discuss,5
transaction,5
match,5
draw,5
nights,5
sen,5
atm,5
died,5
argument,5
kick,5
website,5
fix,5
rays,5
update,5
cry,5
definitely,5
pongal,5
immediately,5
surfing,5
basically,5
allah,5
geeee,5
willing,5
sighs,5
body,5
guide,5
intro,5
pictures,5
starts,5
yan,5
jiu,5
hostel,5
receive,5
amt,5
dollars,5
acc,5
donåõt,5
gives,5
flat,5
sec,5
quality,5
credit,5
replied,5
fighting,5
spl,5
stylish,5
prabha,5
jst,5
returns,5
married,5
hotel,5
english,5
btw,5
mrw,5
smiles,5
quit,5
jazz,5
yogasana,5
stopped,5
somethin,5
forwarded,5
thursday,5
cartoon,5
gentle,5
starting,5
drug,5
belly,5
box,5
timing,5
mad,5
twice,5
opportunity,5
gals,5
tis,5
space,5
green,5
sura,5
playing,5
lead,5
unsold,5
derek,5
white,5
pissed,5
wear,5
places,5
recently,5
photos,5
site,5
boring,5
salary,5
dropped,5
yun,5
jesus,5
asleep,5
pic,5
interesting,5
uni,5
italian,5
horrible,5
moan,5
chinese,5
hun,5
cbe,5
secret,5
broke,5
area,5
extra,5
pple,5
arrested,5
moon,5
rem,5
exams,5
everybody,5
wed,5
fall,5
google,5
vomit,5
aint,5
centre,5
collect,5
waking,5
ran,5
fren,5
hook,5
social,5
buns,5
created,5
lookin,5
beer,5
hate,5
sim,5
mid,5
tried,5
nvm,5
moms,5
obviously,5
boost,5
loan,5
looked,5
expecting,5
miles,5
sed,5
minuts,5
latr,5
remind,5
age,5
whether,5
brilliant,5
cars,5
deliver,5
amount,5
advice,5
pin,5
cinema,5
asap,5
relation,5
lik,5
asks,5
common,5
oni,4
lives,4
oru,4
sooner,4
letter,4
inches,4
kept,4
embarassed,4
seemed,4
url,4
series,4
wah,4
machan,4
network,4
coins,4
becoz,4
appointment,4
legal,4
nyc,4
considering,4
jokes,4
research,4
needed,4
informed,4
yetunde,4
rooms,4
befor,4
activities,4
begin,4
deleted,4
interview,4
points,4
escape,4
bloody,4
worth,4
anyways,4
mummy,4
personal,4
settled,4
balance,4
straight,4
connection,4
shoot,4
selected,4
files,4
romantic,4
teaches,4
closer,4
theory,4
wins,4
argue,4
bcums,4
affection,4
kettoda,4
manda,4
expect,4
mmm,4
bay,4
passed,4
throw,4
accidentally,4
high,4
def,4
hanging,4
belovd,4
enemy,4
kisses,4
cud,4
ppl,4
waitin,4
todays,4
practice,4
sometime,4
cream,4
esplanade,4
fifteen,4
respond,4
arrange,4
gorgeous,4
ure,4
intelligent,4
woman,4
result,4
reasons,4
dry,4
jada,4
kusruthi,4
matured,4
bday,4
mas,4
passionate,4
quote,4
losing,4
confidence,4
three,4
cup,4
milk,4
i‰û÷ll,4
essential,4
lab,4
grand,4
pie,4
answers,4
colour,4
often,4
future,4
uncles,4
leona,4
bud,4
taken,4
listening,4
temple,4
church,4
bet,4
hella,4
envelope,4
prepare,4
explain,4
king,4
weird,4
drivin,4
height,4
upset,4
assume,4
anytime,4
spoken,4
meetin,4
apparently,4
smokes,4
dictionary,4
appt,4
hunny,4
ache,4
ages,4
meanwhile,4
spk,4
saved,4
due,4
pig,4
addicted,4
photo,4
registered,4
attend,4
diet,4
fever,4
gravity,4
carefully,4
bowl,4
decision,4
sore,4
regret,4
throat,4
lecture,4
raise,4
fool,4
technical,4
bitch,4
bathing,4
thinks,4
vijay,4
dem,4
fight,4
clock,4
hands,4
aiyar,4
wearing,4
shame,4
reference,4
understanding,4
strong,4
arms,4
mite,4
easier,4
songs,4
service,4
picked,4
exact,4
favour,4
february,4
rush,4
blackberry,4
moji,4
welcome,4
fill,4
gently,4
urn,4
vote,4
totally,4
aiya,4
bright,4
flower,4
birds,4
wonders,4
personality,4
purity,4
sha,4
file,4
ron,4
airport,4
yuo,4
tihs,4
bishan,4
preferably,4
sale,4
pack,4
idk,4
living,4
laughing,4
surprised,4
comedy,4
remain,4
queen,4
bin,4
iåõm,4
selling,4
atlanta,4
fills,4
gaps,4
takin,4
answering,4
jess,4
skype,4
masters,4
season,4
unlimited,4
cook,4
cleaning,4
cat,4
hip,4
infernal,4
orange,4
feet,4
password,4
kidz,4
pages,4
frndship,4
pix,4
notice,4
freak,4
letters,4
added,4
happend,4
sugar,4
thangam,4
roger,4
solve,4
cooking,4
link,4
spending,4
ignore,4
public,4
govt,4
instituitions,4
dare,4
numbers,4
teeth,4
handle,4
note,4
bought,4
celebrate,4
abi,4
hill,4
grl,4
hug,4
wylie,4
basic,4
outta,4
inform,4
mumtaz,4
blank,4
texted,4
information,4
born,4
babes,4
doc,4
boys,4
taunton,4
loss,4
step,4
minnaminunginte,3
nurungu,3
vettam,3
spell,3
wet,3
str,3
turn,3
frying,3
clear,3
child,3
caught,3
fear,3
xuhui,3
invite,3
yummy,3
fair,3
gram,3
runs,3
realized,3
roommates,3
dresser,3
valuable,3
gentleman,3
dignity,3
sheets,3
lido,3
ham,3
vava,3
loud,3
sentence,3
anythin,3
apologise,3
staff,3
birla,3
soft,3
floor,3
mall,3
maneesha,3
satisfied,3
toll,3
radio,3
finishes,3
suggest,3
successfully,3
teacher,3
loses,3
tomarrow,3
avent,3
touched,3
slippers,3
bat,3
innings,3
dearly,3
ranjith,3
shipping,3
wks,3
parked,3
flash,3
jealous,3
sorting,3
handed,3
gautham,3
buzy,3
tease,3
scary,3
meal,3
garage,3
keys,3
clos,3
lvblefrnd,3
jstfrnd,3
cutefrnd,3
lifpartnr,3
swtheart,3
bstfrnd,3
afraid,3
gona,3
record,3
supervisor,3
favourite,3
bless,3
stranger,3
cleared,3
gudnite,3
slap,3
alcohol,3
remembered,3
insha,3
alive,3
ptbo,3
tests,3
shut,3
current,3
period,3
business,3
quickly,3
chechi,3
tree,3
blah,3
ful,3
irritating,3
bmw,3
urgently,3
shortage,3
source,3
arng,3
iouri,3
sachin,3
oic,3
transfer,3
railway,3
doggy,3
fave,3
roads,3
transfered,3
banks,3
charges,3
wise,3
boye,3
fightng,3
dificult,3
fish,3
village,3
bringing,3
fees,3
latest,3
soryda,3
sory,3
behave,3
elsewhere,3
ummmmmaah,3
tirupur,3
generally,3
it‰û÷s,3
that‰û÷s,3
likely,3
american,3
callin,3
snake,3
bite,3
headache,3
exhausted,3
swimming,3
drinks,3
market,3
pop,3
seven,3
thanksgiving,3
we‰û÷re,3
music,3
peace,3
lonely,3
building,3
map,3
farm,3
stress,3
faster,3
shouted,3
shorter,3
ladies,3
gim,3
anywhere,3
row,3
sing,3
diff,3
bein,3
jan,3
pieces,3
hint,3
hahaha,3
brain,3
successful,3
morrow,3
xavier,3
seconds,3
stomach,3
returned,3
walls,3
cuddle,3
nap,3
shesil,3
wanting,3
outstanding,3
taylor,3
greet,3
msging,3
moments,3
magical,3
welp,3
chicken,3
talent,3
fuckin,3
ubi,3
wkg,3
butt,3
terrible,3
exe,3
prey,3
weekends,3
foreign,3
stamps,3
country,3
flirt,3
speechless,3
roast,3
concentrate,3
career,3
walked,3
june,3
drunk,3
networking,3
travel,3
juicy,3
dearer,3
evn,3
itz,3
alwys,3
ground,3
cancel,3
catching,3
falls,3
whos,3
fantastic,3
bigger,3
credited,3
walmart,3
score,3
apps,3
anti,3
morn,3
docs,3
rang,3
sorted,3
executive,3
express,3
tour,3
fran,3
knackered,3
software,3
idiot,3
whenevr,3
chill,3
chillin,3
super,3
chain,3
suntec,3
seem,3
messenger,3
screen,3
storming,3
phne,3
margaret,3
girlfrnd,3
grahmbell,3
invnted,3
telphone,3
popped,3
shld,3
enter,3
caring,3
option,3
goodnite,3
tells,3
currently,3
painful,3
missin,3
guilty,3
cardiff,3
addie,3
certainly,3
twelve,3
aah,3
blake,3
total,3
eight,3
ese,3
prospects,3
buff,3
gang,3
tablets,3
finishing,3
doors,3
brothas,3
force,3
perfect,3
blame,3
blessings,3
freezing,3
darling,3
winning,3
ideas,3
maintain,3
cramps,3
nan,3
likes,3
dislikes,3
promises,3
album,3
standing,3
stuck,3
regarding,3
adore,3
arun,3
philosophy,3
dirty,3
package,3
husband,3
player,3
five,3
toa,3
payoh,3
team,3
fathima,3
mmmm,3
beyond,3
table,3
ikea,3
kadeem,3
wud,3
carry,3
avatar,3
stops,3
constantly,3
lousy,3
honeybee,3
sweetest,3
laughed,3
havnt,3
crack,3
gm+gn+ge+gn,3
boat,3
proof,3
major,3
birth,3
rule,3
natural,3
onwards,3
eggs,3
lie,3
simply,3
store,3
calicut,3
giv,3
normally,3
rich,3
yor,3
jason,3
art,3
argh,3
tessy,3
favor,3
shijas,3
aunty,3
china,3
morphine,3
prefer,3
kindly,3
pending,3
raji,3
legs,3
pleased,3
distance,3
temp,3
display,3
soup,3
management,3
threats,3
unable,3
wkend,3
journey,3
bags,3
issue,3
measure,3
thm,3
drinking,3
impossible,3
responce,3
vodka,3
okey,3
questioned,3
gardener,3
vegetables,3
neighbour,3
science,3
madam,3
settle,3
bloo,3
indians,3
citizen,3
key,3
greetings,3
released,3
maga,3
medicine,3
incident,3
violence,3
erm,3
issues,3
death,3
wrk,3
usc,3
booty,3
lil,3
remains,3
bro,3
bros,3
pouts,3
stomps,3
shirts,3
petrol,3
middle,3
enuff,3
contents,3
strike,3
moved,3
seat,3
dress,3
collecting,3
flaked,3
gary,3
cheaper,3
history,3
bell,3
understood,3
bottom,3
crab,3
footprints,3
changes,3
books,3
knowing,3
thurs,3
tape,3
lick,3
auto,3
praying,3
smoking,3
amazing,3
ths,3
wisdom,3
cann,3
camera,3
prolly,3
confirmed,3
dubsack,3
macho,3
audition,3
fell,3
senthil,3
forevr,3
nokia,3
eaten,3
possession,3
affairs,3
along,3
university,3
california,3
value,3
tog,3
evry,3
haiz,3
captain,3
dsn,3
bottle,3
buffet,2
hor,2
blessing,2
slice,2
convincing,2
sarcastic,2
mmmmmm,2
hospitals,2
eighth,2
odi,2
killing,2
dedicated,2
dedicate,2
shy,2
earn,2
jacket,2
requests,2
nitros,2
ela,2
pours,2
telugu,2
hols,2
four,2
location,2
truly,2
noun,2
puttin,2
goodo,2
potato,2
tortilla,2
msn,2
pouch,2
somtimes,2
occupy,2
hearts,2
flowing,2
plaza,2
everywhere,2
windows,2
mouth,2
module,2
avoid,2
beloved,2
form,2
clark,2
utter,2
completed,2
stays,2
wishin,2
hamster,2
refilled,2
inr,2
keralacircle,2
prepaid,2
ericsson,2
bruv,2
rewarding,2
heading,2
installing,2
repair,2
conducts,2
printed,2
upstairs,2
final,2
shining,2
signing,2
although,2
commercial,2
drpd,2
deeraj,2
deepak,2
lag,2
necessarily,2
headin,2
jolt,2
mini,2
tool,2
jenny,2
cam,2
grave,2
shocking,2
crash,2
taxi,2
actor,2
thread,2
unique,2
tahan,2
anot,2
buses,2
bristol,2
flight,2
women,2
apo,2
violated,2
paperwork,2
caroline,2
misbehaved,2
tissco,2
tayseer,2
unemployed,2
audrey,2
status,2
breathe,2
cuddling,2
agree,2
recognise,2
hes,2
ovulation,2
licks,2
picture,2
salam,2
sharing,2
grace,2
inshah,2
field,2
administrator,2
shipped,2
loxahatchee,2
burning,2
slightly,2
darlings,2
wld,2
sender,2
skip,2
whatsup,2
siva,2
speaking,2
expression,2
applebees,2
bhaji,2
cricketer,2
improve,2
oreo,2
truffles,2
decisions,2
coping,2
individual,2
receiving,2
position,2
language,2
screamed,2
rate,2
differ,2
broken,2
infront,2
tension,2
taste,2
trade,2
center,2
hyde,2
anthony,2
scrounge,2
forgiven,2
competition,2
transport,2
definite,2
booking,2
ebay,2
pickle,2
tacos,2
develop,2
ability,2
recovery,2
cali,2
bloke,2
cutting,2
cock,2
reminding,2
owns,2
faggy,2
demand,2
loose,2
pan,2
perhaps,2
mei,2
geeeee,2
jen,2
oooh,2
dick,2
dancing,2
scotland,2
hardly,2
tsunamis,2
ques,2
suits,2
reaction,2
grow,2
useful,2
officially,2
pounds,2
hundred,2
sweetheart,2
biola,2
login,2
effects,2
wee,2
trains,2
jolly,2
panic,2
dealer,2
impatient,2
river,2
lays,2
yelling,2
hex,2
cochin,2
accordingly,2
poop,2
gpu,2
aeronautics,2
professors,2
calld,2
aeroplane,2
hurried,2
dorm,2
membership,2
cookies,2
admit,2
correction,2
spring,2
attached,2
gist,2
lip,2
confused,2
spare,2
faith,2
schools,2
inch,2
begging,2
opening,2
enjoyed,2
thot,2
petey,2
nic,2
imp,2
bec,2
nervous,2
borrow,2
galileo,2
dobby,2
responding,2
loveme,2
xxxx,2
cappuccino,2
mojibiola,2
havenåõt,2
skyped,2
given,2
ultimatum,2
countin,2
aburo,2
inconsiderate,2
nag,2
recession,2
hence,2
soo,2
suite,2
warning,2
shoes,2
careful,2
named,2
genius,2
connections,2
lotta,2
lately,2
consider,2
peaceful,2
castor,2
ear,2
oil,2
mac,2
usb,2
gibbs,2
failed,2
unbelievable,2
several,2
worst,2
charles,2
stores,2
sweets,2
chip,2
yck,2
ashley,2
term,2
jeans,2
bleh,2
application,2
brand,2
simpler,2
necklace,2
racing,2
rice,2
closes,2
crap,2
chocolate,2
potential,2
reckon,2
tech,2
blessed,2
quiet,2
aunts,2
fit,2
fan,2
lovers,2
drove,2
anniversary,2
pen,2
pattern,2
plm,2
sheffield,2
morow,2
setting,2
filling,2
thx,2
edison,2
rightly,2
viva,2
educational,2
sells,2
thesis,2
sends,2
female,2
deciding,2
prepared,2
gossip,2
thoughts,2
craziest,2
planet,2
singing,2
curry,2
goto,2
tomorro,2
fret,2
depressed,2
wind,2
math,2
dhoni,2
rocks,2
durban,2
gay,2
difficulties,2
sar,2
tank,2
silently,2
drms,2
toot,2
annoying,2
makin,2
neft,2
beneficiary,2
appreciated,2
apart,2
creepy,2
apply,2
invest,2
delay,2
purse,2
havin,2
flip,2
accounts,2
weirdest,2
tee,2
dough,2
control,2
jerry,2
irritates,2
fails,2
drinkin,2
birthdate,2
nydc,2
daily,2
ola,2
garbage,2
jokin,2
remembr,2
canada,2
cares,2
goodnoon,2
patty,2
interest,2
theres,2
tmrw,2
soul,2
ned,2
hurting,2
main,2
sweetie,2
whn,2
dance,2
bar,2
juan,2
tlk,2
ideal,2
front,2
arm,2
shot,2
tirunelvali,2
effect,2
kidding,2
stretch,2
sinco,2
payee,2
icicibank,2
beware,2
frauds,2
disclose,2
kaiez,2
practicing,2
babies,2
beneath,2
pale,2
silver,2
silence,2
revision,2
exeter,2
coat,2
tues,2
restaurant,2
desperate,2
monkeys,2
practical,2
replying,2
mails,2
lyfu,2
lyf,2
ali,2
program,2
meow,2
modules,2
musthu,2
video,2
testing,2
nit,2
sarcasm,2
forum,2
aunt,2
receipt,2
unfortunately,2
konw,2
waht,2
rael,2
gving,2
exmpel,2
jsut,2
evrey,2
splleing,2
wrnog,2
sitll,2
raed,2
wihtuot,2
ayn,2
mitsake,2
joining,2
finance,2
filled,2
jia,2
sux,2
kegger,2
costs,2
rhythm,2
adventure,2
sub,2
wifi,2
rumour,2
boyfriend,2
driver,2
chasing,2
kicks,2
dime,2
falling,2
smeone,2
fire,2
flame,2
propose,2
gods,2
dippeditinadew,2
lovingly,2
itwhichturnedinto,2
gifted,2
tomeandsaid,2
batch,2
app,2
flaky,2
sooooo,2
tooo,2
confuses,2
wating,2
adoring,2
brought,2
constant,2
cared,2
switch,2
fly,2
event,2
partnership,2
mostly,2
jas,2
poker,2
messy,2
traffic,2
moves,2
slip,2
nus,2
keeps,2
gotten,2
unknown,2
stick,2
indeed,2
james,2
maangalyam,2
alaipayuthe,2
calm,2
becomes,2
habit,2
schedule,2
contacts,2
forgets,2
mandan,2
recharge,2
transfr,2
didnåõt,2
desparate,2
fake,2
combine,2
sian,2
received,2
access,2
joanna,2
replacement,2
telly,2
wipro,2
delete,2
laundry,2
underwear,2
connect,2
waheed,2
pushes,2
nichols,2
avoiding,2
heads,2
vday,2
build,2
snowman,2
fights,2
ofice,2
prescription,2
electricity,2
fujitsu,2
scold,2
disturbing,2
flies,2
woken,2
aka,2
jane,2
delhi,2
fringe,2
distract,2
mel,2
choice,2
responsibility,2
kid,2
affair,2
parco,2
hallaq,2
pink,2
lyk,2
bck,2
color,2
sleepwell,2
mca,2
vomiting,2
rub,2
clever,2
ryan,2
xam,2
manage,2
shitload,2
diamonds,2
mcat,2
sacrifice,2
stayin,2
cld,2
wales,2
killed,2
london,2
speed,2
played,2
tok,2
specific,2
figures,2
cousin,2
excuses,2
neck,2
continue,2
holy,2
billion,2
classes,2
youre,2
turning,2
belive,2
slots,2
discussed,2
comp,2
spoiled,2
sales,2
complaint,2
lounge,2
lov,2
exciting,2
bedrm,2
waited,2
huge,2
mids,2
annie,2
hrishi,2
nothin,2
poem,2
cheer,2
regular,2
nahi,2
zindgi,2
dan,2
aww,2
nearly,2
staring,2
unnecessarily,2
weigh,2
tom,2
propsd,2
lttrs,2
threw,2
aproach,2
truck,2
speeding,2
instantly,2
thy,2
lived,2
happily,2
gthr,2
evrydy,2
paragon,2
arent,2
bluff,2
sary,2
www,2
realize,2
piece,2
wiskey,2
brandy,2
rum,2
gin,2
scotch,2
shampain,2
kudi,2
yarasu,2
dhina,2
vaazhthukkal,2
dumb,2
dressed,2
kills,2
kay,2
wasted,2
christ,2
push,2
answered,2
swiss,2
crore,2
jobs,2
lane,2
monthly,2
politicians,2
rights,2
donno,2
stars,2
properly,2
furniture,2
lock,2
shoving,2
papers,2
strange,2
upto,2
indyarocks,2
resume,2
direct,2
whr,2
yunny,2
mmmmm,2
relatives,2
environment,2
terrific,2
superior,2
ruin,2
contract,2
department,2
conform,2
member,2
toshiba,2
sam,2
innocent,2
mental,2
hoped,2
bills,2
marrow,2
hon,2
treated,2
fab,2
tiwary,2
bang,2
pap,2
arts,2
pandy,2
edu,2
secretary,2
dollar,2
pull,2
amongst,2
nalla,2
northampton,2
abj,2
serving,2
landline,2
anna,2
nagar,2
sony,2
valued,2
evr,2
neither,2
hugs,2
snogs,2
west,2
chase,2
steam,2
reg,2
sleepy,2
ben,2
mag,2
diwali,2
onion,2
thgt,2
lower,2
various,2
exhaust,2
pee,2
success,2
division,2
creep,2
lies,2
property,2
bbd,2
pimples,2
yellow,2
doubt,2
japanese,2
proverb,2
coin,2
freedom,2
twenty,2
painting,2
nowadays,2
city,2
talks,2
probs,2
low,2
swatch,2
ganesh,2
trips,2
sex,2
helloooo,2
welcomes,2
geva,2
wuld,2
solved,2
ing,2
sake,2
bruce,2
teaching,2
chest,2
covers,2
brief,2
hang,2
reboot,2
phoned,2
salon,2
evenings,2
raj,2
payment,2
shore,2
waves,2
clearing,2
following,2
range,2
click,2
topic,2
admin,2
andros,2
meets,2
foot,2
penis,2
sigh,2
vth,2
eveb,2
window,2
dates,2
auction,2
cancelled,2
agalla,2
count,2
challenge,2
otside,2
size,2
itåõs,2
tight,2
everyday,2
curious,2
terms,2
postcard,2
bread,2
mahal,2
luvs,2
ding,2
allowed,2
necessary,2
messaged,2
deus,2
tap,2
spile,2
broad,2
canal,2
engin,2
edge,2
east,2
howard,2
cooked,2
cheat,2
ruining,2
easily,2
selfish,2
fml,2
custom,2
sac,2
jiayin,2
forgotten,2
reverse,2
cheating,2
mathematics,2
waxsto,2
minimum,2
elaine,2
drunken,2
mess,2
crisis,2
ias,2
response,2
info,2
desires,2
priscilla,2
kent,2
vale,2
prince,2
mega,2
base,2
placement,2
didn‰û÷t,2
sumthin,2
lion,2
devouring,2
airtel,2
jaya,2
forums,2
shahjahan,2
ship,2
maturity,2
kavalan,2
causing,2
football,2
xin,2
lib,2
difference,2
despite,2
dark,2
swoop,2
langport,2
mistakes,2
vegas,2
lou,2
båõday,2
vewy,2
pool,2
disconnect,2
attempt,2
terrorist,2
confirmd,2
motorola,2
verified,2
cnn,2
ibn,2
hppnss,2
sorrow,2
goodfriend,2
stayed,2
stones,2
atlast,2
stone,2
desert,2
review,2
funeral,2
vivek,2
brah,2
protect,2
sib,2
sensitive,2
passwords,2
ipad,2
bird,2
cheese,2
hsbc,2
melt,2
eek,2
pound,2
heater,2
moro,2
eta,2
literally,2
kothi,2
prof,2
sem,2
student,2
actual,2
sathya,2
smart,2
dealing,2
reasonable,2
kappa,2
piss,2
karaoke,2
guessing,2
royal,2
wedding,2
calculation,2
blur,2
clothes,2
lush,2
greatest,2
courage,2
bear,2
defeat,2
fucked,2
beauty,2
moving,2
sunlight,2
mates,2
jogging,2
concert,2
shelf,2
previous,2
mokka,2
bone,2
steve,2
epsilon,2
mesages,2
lst,2
massive,2
absolutly,2
forms,2
academic,2
convinced,2
coast,2
suppose,2
clearly,2
gain,2
cha,2
realise,2
managed,2
acted,2
mis,2
print,2
dokey,2
sleepin,2
minor,2
denis,2
woulda,2
miserable,2
shoppin,2
results,2
celebration,2
nuther,2
infections,2
parent,2
woot,2
cme,2
parking,2
sarasota,2
cherish,2
slp,2
muah,2
eva,2
discount,2
gastroenteritis,2
replace,2
reduce,2
limiting,2
illness,2
favorite,2
pride,2
respectful,2
amused,2
shu,2
island,2
jurong,1
amore,1
aids,1
patent,1
cried,1
breather,1
granted,1
fulfil,1
gota,1
ffffffffff,1
forced,1
packing,1
ahhh,1
vaguely,1
apologetic,1
fallen,1
actin,1
spoilt,1
badly,1
fainting,1
housework,1
cuppa,1
timings,1
watts,1
arabian,1
steed,1
endowed,1
hep,1
immunisation,1
stubborn,1
sucker,1
suckers,1
thinked,1
smarter,1
crashing,1
accomodations,1
cave,1
offered,1
embarassing,1
mallika,1
sherawat,1
gauti,1
sehwag,1
burger,1
seekers,1
performed,1
peoples,1
operate,1
multis,1
factory,1
you‰û÷ll,1
casualty,1
stuffmoro,1
includes,1
loans,1
hairdressers,1
beforehand,1
ams,1
signin,1
memorable,1
minecraft,1
server,1
grumpy,1
lying,1
plural,1
openin,1
formal,1
ratio,1
apples,1
pairs,1
malarky,1
sao,1
predict,1
involve,1
imposed,1
del,1
lucyxx,1
tmorrow,1
accomodate,1
hotmail,1
nver,1
biggest,1
dot,1
ummma,1
sindu,1
nevering,1
typical,1
dirt,1
chores,1
exist,1
hail,1
mist,1
aaooooright,1
envy,1
excited,1
cultures,1
missunderstding,1
bridge,1
lager,1
axis,1
surname,1
clue,1
spanish,1
begins,1
lifted,1
hopes,1
approaches,1
handsome,1
finding,1
league,1
ors,1
stool,1
babyjontet,1
enc,1
alter,1
dats,1
dogg,1
refund,1
prediction,1
register,1
ubandu,1
disk,1
scenery,1
elama,1
mudyadhu,1
strict,1
gandhipuram,1
cross,1
rubber,1
hearing,1
pleassssssseeeeee,1
sportsx,1
baig,1
watches,1
ups,1
usps,1
bribe,1
nipost,1
suzy,1
luton,1
sometme,1
evo,1
narcotics,1
objection,1
rob,1
mack,1
theater,1
celebrations,1
ahold,1
cruisin,1
varunnathu,1
edukkukayee,1
raksha,1
ollu,1
resend,1
gurl,1
appropriate,1
diesel,1
fridge,1
womdarfull,1
remb,1
jos,1
bookshelf,1
mylife,1
guild,1
evaporated,1
privacy,1
stealing,1
employer,1
daaaaa,1
wined,1
dined,1
hiding,1
huiming,1
prestige,1
jeremiah,1
iphone,1
apeshit,1
safely,1
onam,1
sirji,1
tata,1
aig,1
andrews,1
sunshine,1
dawns,1
refreshed,1
uniform,1
spoil,1
lindsay,1
bars,1
heron,1
payasam,1
rinu,1
taught,1
becaus,1
verifying,1
prabu,1
repairs,1
followin,1
wallet,1
owl,1
kickboxing,1
lap,1
performance,1
award,1
calculated,1
wahleykkum,1
visitor,1
stoners,1
disastrous,1
fav,1
busetop,1
iron,1
okies,1
wendy,1
goal,1
sentiment,1
rowdy,1
attitude,1
attractive,1
urination,1
hillsborough,1
shoul,1
txt~journey,1
hasnt,1
werethe,1
monkeespeople,1
monkeyaround,1
howdy,1
blimey,1
exercise,1
concentration,1
hanks,1
lotsly,1
detail,1
optimistic,1
amy,1
consistently,1
practicum,1
links,1
ears,1
wavering,1
heal,1
oral,1
slippery,1
bike,1
enters,1
removed,1
machi,1
mcr,1
jaykwon,1
thuglyfe,1
falconerf,1
faded,1
glory,1
ralphs,1
reunion,1
accenture,1
jackson,1
rec,1
reache,1
nuerologist,1
lolnice,1
westshore,1
significance,1
ammo,1
problematic,1
nos,1
unconscious,1
adults,1
abnormally,1
rude,1
faggot,1
bani,1
leads,1
buttons,1
famous,1
unconditionally,1
temper,1
oclock,1
bash,1
cooped,1
invitation,1
weddin,1
alibi,1
sink,1
paces,1
cage,1
surrounded,1
cuck,1
deficient,1
acknowledgement,1
astoundingly,1
tactless,1
oath,1
magic,1
silly,1
isn‰û÷t,1
causes,1
mutations,1
sunscreen,1
thesedays,1
bao,1
sugardad,1
brownie,1
ninish,1
icky,1
freek,1
ridden,1
missy,1
goggles,1
arguing,1
arngd,1
walkin,1
unfortuntly,1
bites,1
frnt,1
sayin,1
jjc,1
tendencies,1
meive,1
gotany,1
srsly,1
prix,1
stands,1
nitz,1
blastin,1
occur,1
rajnikant,1
ocean,1
bridgwater,1
banter,1
dependents,1
cer,1
hundreds,1
handsomes,1
beauties,1
aunties,1
shock,1
friendships,1
dismay,1
concerned,1
tootsie,1
seventeen,1
fetching,1
restock,1
brighten,1
allo,1
braved,1
triumphed,1
b‰û÷ham,1
uncomfortable,1
sonetimes,1
rough,1
wesleys,1
cloud,1
wikipedia,1
repent,1
positions,1
kama,1
sutra,1
nange,1
bakra,1
kalstiya,1
lakhs,1
ditto,1
wetherspoons,1
piggy,1
freaky,1
scrappy,1
sdrybi,1
crying,1
imprtant,1
tomorw,1
cherthala,1
bfore,1
tmorow,1
engaged,1
purchase,1
entrepreneurs,1
corporation,1
prevent,1
dehydration,1
fluids,1
trek,1
harri,1
shitstorm,1
attributed,1
sth,1
specs,1
macha,1
mindset,1
wondar,1
flim,1
jelly,1
scrumptious,1
dao,1
halfth,1
jide,1
visiting,1
steak,1
neglect,1
prayers,1
clocks,1
realised,1
wahay,1
gaze,1
caveboy,1
vibrate,1
acting,1
grandmas,1
hungover,1
gua,1
faber,1
dramatic,1
hunting,1
drunkard,1
idc,1
weaseling,1
trash,1
punish,1
beerage,1
randomlly,1
fixes,1
spelling,1
fondly,1
dogbreath,1
sounding,1
weighed,1
woohoo,1
uncountable,1
whereare,1
friendsare,1
thekingshead,1
canlove,1
dled,1
smokin,1
boooo,1
costumes,1
yowifes,1
youi,1
enjoyin,1
yourjob,1
iåõllspeak,1
soonlots,1
starshine,1
sips,1
bits,1
turned,1
burial,1
hol,1
rvx,1
comprehensive,1
prashanthettan,1
samantha,1
guitar,1
impress,1
doug,1
realizes,1
trauma,1
swear,1
inner,1
tigress,1
activate,1
urfeeling,1
bettersn,1
probthat,1
overdose,1
lovejen,1
ana,1
sathy,1
rto,1
spoons,1
corvettes,1
bunkers,1
philosophical,1
hole,1
atleast,1
shakespeare,1
woul,1
curfew,1
gibe,1
getsleep,1
studdying,1
massages,1
yoyyooo,1
permissions,1
mike,1
hussey,1
faglord,1
nutter,1
cutter,1
ctter,1
cttergg,1
cttargg,1
ctargg,1
ctagg,1
thus,1
superb,1
grateful,1
happier,1
agents,1
experiment,1
invoices,1
smell,1
tobacco,1
assumed,1
grinule,1
fudge,1
oreos,1
zaher,1
nauseous,1
dieting,1
reminder,1
avalarr,1
hollalater,1
rounds,1
blogging,1
magicalsongs,1
blogspot,1
slices,1
kvb,1
alternative,1
congratulations,1
ore,1
owo,1
fro,1
samus,1
shoulders,1
vomitin,1
stuffed,1
writhing,1
tons,1
paypal,1
voila,1
pockets,1
theyre,1
sorta,1
blown,1
scores,1
sophas,1
secondary,1
applying,1
ogunrinde,1
lodging,1
chk,1
dict,1
shb,1
retired,1
code,1
natwest,1
chad,1
gymnastics,1
christians,1
token,1
liking,1
aptitude,1
horse,1
wrongly,1
borin,1
boggy,1
biatch,1
hesitate,1
weakness,1
notebook,1
eightish,1
carpark,1
irene,1
ere,1
cres,1
ì¬n,1
july,1
relaxing,1
stripes,1
skirt,1
escalator,1
beth,1
charlie,1
helen,1
syllabus,1
poyyarikatur,1
kolathupalayam,1
unjalur,1
erode,1
hero,1
apt,1
meat,1
supreme,1
cudnt,1
ctla,1
ente,1
ishtamayoo,1
bakrid,1
glorious,1
finds,1
content,1
coaxing,1
images,1
fond,1
souveniers,1
cougar,1
scratches,1
nanny,1
zoe,1
shitin,1
defo,1
hardest,1
millions,1
lekdog,1
blankets,1
sufficient,1
atten,1
iåõd,1
doesnåõt,1
soiree,1
data,1
analysis,1
belligerent,1
les,1
rudi,1
snoring,1
ink,1
throwing,1
finalise,1
dentist,1
lul,1
nurses,1
shes,1
obese,1
oyea,1
ami,1
parchi,1
kicchu,1
kaaj,1
korte,1
iccha,1
korche,1
tul,1
dvd,1
copies,1
sculpture,1
surya,1
pokkiri,1
attraction,1
breath,1
sorrows,1
proove,1
praises,1
makiing,1
sambar,1
ndship,1
needle,1
conected,1
spatula,1
complexities,1
freely,1
taxes,1
outrageous,1
ryder,1
strips,1
postal,1
gifts,1
cliff,1
wrking,1
sittin,1
drops,1
hen,1
smoked,1
teju,1
hourish,1
amla,1
convenience,1
evaluation,1
cheyyamo,1
throws,1
brothers,1
errors,1
tau,1
piah,1
shade,1
copied,1
sitter,1
kaitlyn,1
adult,1
danger,1
peeps,1
comment,1
veggie,1
neighbors,1
computerless,1
balloon,1
melody,1
macs,1
hme,1
islands,1
velachery,1
flippin,1
breaking,1
cstore,1
hangin,1
lodge,1
worrying,1
quizzes,1
popcorn,1
thin,1
arguments,1
fed,1
himso,1
semi,1
maaaan,1
guessin,1
ilol,1
personally,1
wuldnt,1
lunchtime,1
organise,1
passable,1
phd,1
prakesh,1
betta,1
aging,1
products,1
submitting,1
snatch,1
drivby,1
edrunk,1
iff,1
pthis,1
senrd,1
dnot,1
dancce,1
drum,1
basq,1
ihave,1
nhite,1
ros,1
xxxxxxx,1
relieved,1
westonzoyland,1
greatness,1
europe,1
goinbed,1
onlymore,1
ava,1
goodtime,1
oli,1
melnite,1
ifink,1
everythin,1
lrs,1
shun,1
bian,1
glass,1
exhibition,1
nino,1
downstem,1
wahala,1
inperialmusic,1
listeningthe,1
byåóleafcutter,1
johnåó,1
insects,1
molested,1
plumbing,1
remixed,1
evil,1
acid,1
didntgive,1
bellearlier,1
cheery,1
collected,1
weirdo,1
stalk,1
profiles,1
pax,1
deposit,1
jap,1
disappeared,1
certificate,1
publish,1
wheellock,1
destination,1
fifty,1
settling,1
happenin,1
cocksuckers,1
ipads,1
worthless,1
novelty,1
items,1
janx,1
dads,1
designation,1
developer,1
spirit,1
shattered,1
girlie,1
colours,1
darker,1
styling,1
gray,1
listn,1
watevr,1
minus,1
paragraphs,1
coveragd,1
vasai,1
retard,1
bathroom,1
icic,1
syria,1
gauge,1
completing,1
surgical,1
emergency,1
unfolds,1
korean,1
fredericksburg,1
que,1
pases,1
buen,1
tiempo,1
compass,1
gnun,1
waysms,1
baaaaabe,1
misss,1
youuuuu,1
convince,1
witot,1
buyer,1
becz,1
undrstndng,1
avoids,1
suffer,1
steamboat,1
forgive,1
bbq,1
everyso,1
panicks,1
auntie,1
huai,1
path,1
appear,1
paths,1
reserve,1
thirunelvali,1
tackle,1
tonght,1
ploughing,1
pile,1
ironing,1
chinky,1
aust,1
recharged,1
papa,1
detailed,1
losers,1
beta,1
noncomittal,1
snickering,1
chords,1
boyf,1
interviw,1
spreadsheet,1
whose,1
determine,1
entire,1
recognises,1
wisheds,1
intrepid,1
duo,1
breeze,1
fresh,1
twittering,1
ducking,1
chinchillas,1
function,1
headstart,1
rummer,1
flying,1
rajini,1
spys,1
yalru,1
astne,1
innu,1
mundhe,1
halla,1
bilo,1
edhae,1
ovr,1
vargu,1
prone,1
permission,1
dose,1
tablet,1
incomm,1
lotr,1
maps,1
tiring,1
concentrating,1
browsin,1
compulsory,1
investigate,1
vitamin,1
crucial,1
host,1
based,1
idps,1
linux,1
systems,1
converter,1
sayy,1
leanne,1
format,1
disc,1
champ,1
glasgow,1
lovin,1
corect,1
speling,1
cts,1
employee,1
nike,1
sooo,1
shouting,1
dang,1
earliest,1
nordstrom,1
conference,1
degree,1
bleak,1
shant,1
nearer,1
raiden,1
totes,1
pierre,1
cardin,1
establish,1
truro,1
ext,1
cloth,1
sunroof,1
blanked,1
image,1
kalainar,1
thenampet,1
nosy,1
reacting,1
freaked,1
satanic,1
imposter,1
destiny,1
companion,1
chef,1
listener,1
organizer,1
sympathetic,1
athletic,1
courageous,1
determined,1
dependable,1
psychologist,1
pest,1
exterminator,1
psychiatrist,1
healer,1
stylist,1
aaniye,1
pudunga,1
venaam,1
chez,1
jules,1
hhahhaahahah,1
nig,1
leonardo,1
strain,1
withdraw,1
anyhow,1
millers,1
spark,1
rawring,1
xoxo,1
somewhr,1
crushes,1
honeymoon,1
outfit,1
cheque,1
leo,1
haul,1
wildlife,1
wantcome,1
thatworzels,1
wizzle,1
shanghai,1
cya,1
thnx,1
sef,1
anjie,1
fring,1
nte,1
doesn‰û÷t,1
talents,1
animal,1
shiny,1
warming,1
french,1
fooled,1
keen,1
dammit,1
wright,1
somewhat,1
laden,1
wrecked,1
six,1
spontaneously,1
goodevening,1
spageddies,1
phasing,1
fourth,1
dimension,1
meaningful,1
lines,1
compromised,1
dub,1
toughest,1
squatting,1
sonathaya,1
soladha,1
raping,1
dudes,1
weightloss,1
mushy,1
embarrassed,1
stash,1
priya,1
kilos,1
accidant,1
tookplace,1
ghodbandar,1
slovely,1
specialise,1
wad,1
desparately,1
stereo,1
classmates,1
fires,1
missionary,1
entertaining,1
hugh,1
laurie,1
praps,1
jon,1
spain,1
dinero,1
åôrents,1
pes,1
complaining,1
finn,1
downon,1
theacusations,1
itxt,1
iwana,1
wotu,1
thew,1
haventcn,1
nething,1
dine,1
services,1
inspection,1
nursery,1
follow,1
panren,1
paru,1
chuckin,1
trainners,1
carryin,1
bac,1
dhanush,1
needing,1
habba,1
dileep,1
muchand,1
venugopal,1
mentioned,1
remembrs,1
everytime,1
textbook,1
algorithms,1
edition,1
intend,1
iwas+marine,1
itriedtell,1
urmom,1
careabout,1
learned,1
iraq,1
afghanistan,1
stable,1
honest,1
traveling,1
pai,1
seh,1
parts,1
walsall,1
tue,1
terry,1
chatting,1
ccna,1
shrek,1
fellow,1
dying,1
lifting,1
teresa,1
dec,1
bam,1
aid,1
usmle,1
squishy,1
mwahs,1
prominent,1
cheek,1
september,1
norm,1
comingdown,1
murali,1
sts,1
engalnd,1
mia,1
elliot,1
kissing,1
matric,1
payments,1
fedex,1
reception,1
consensus,1
entertain,1
tag,1
bras,1
strewn,1
pillows,1
weaknesses,1
knee,1
exposes,1
pulls,1
wicked,1
supports,1
srt,1
jontin,1
biro,1
shell,1
unconsciously,1
unhappy,1
jog,1
lark,1
lim,1
parachute,1
placed,1
lambda,1
angels,1
snowball,1
ello,1
duffer,1
grr,1
pharmacy,1
fffff,1
lifebook,1
zhong,1
qing,1
act,1
hypertension,1
annoyin,1
nigro,1
scratching,1
anyplaces,1
priority,1
ecstasy,1
hittng,1
reflex,1
adewale,1
egbon,1
mary,1
deduct,1
wrks,1
monkey,1
asshole,1
grab,1
sliding,1
payback,1
tescos,1
feathery,1
bowa,1
infra,1
gep,1
shhhhh,1
related,1
arul,1
amk,1
length,1
antha,1
corrct,1
dane,1
basket,1
rupaul,1
practising,1
curtsey,1
memory,1
converted,1
african,1
soil,1
roles,1
community,1
outreach,1
brilliantly,1
forwarding,1
intention,1
visitors,1
rules,1
bend,1
thia,1
inlude,1
previews,1
ambrith,1
madurai,1
dha,1
marrge,1
kitty,1
shaved,1
tactful,1
pert,1
head‰û,1
crammed,1
satsgettin,1
apologize,1
pei,1
subtoitles,1
jot,1
cereals,1
gari,1
thkin,1
resubbing,1
shadow,1
breadstick,1
saeed,1
purple,1
yelow,1
brown,1
arranging,1
eldest,1
drugdealer,1
wondarfull,1
onbus,1
donyt,1
latelyxxx,1
stressed,1
soooo,1
provider,1
tming,1
cutest,1
dice,1
howda,1
mathe,1
samachara,1
audrie,1
autocorrect,1
simulate,1
readiness,1
lara,1
supplies,1
guesses,1
attach,1
washob,1
nobbing,1
nickey,1
platt,1
spotty,1
province,1
sterling,1
hall,1
hesitation,1
intha,1
ponnungale,1
ipaditan,1
rejected,1
noisy,1
needa,1
manual,1
reset,1
troubleshooting,1
strongly,1
beg,1
creativity,1
stifled,1
requirements,1
dave,1
heåõs,1
getha,1
nosh,1
waaaat,1
lololo,1
occupied,1
documents,1
submitted,1
stapati,1
cutie,1
hills,1
honesty,1
specialisation,1
labor,1
shakara,1
beggar,1
smashed,1
dent,1
crickiting,1
imin,1
dontmatter,1
urgoin,1
outlr,1
yavnt,1
original,1
popping,1
ibuprofens,1
sip,1
grown,1
chinatown,1
porridge,1
claypot,1
yam,1
fishhead,1
beehoon,1
jaklin,1
nearby,1
cliffs,1
ooh,1
moseley,1
weds,1
thankyou,1
aluable,1
ffectionate,1
oveable,1
ternal,1
oble,1
ruthful,1
ntimate,1
atural,1
namous,1
textin,1
amigos,1
burn,1
progress,1
arty,1
collages,1
tryin,1
waliking,1
cartons,1
shelves,1
mirror,1
jod,1
keris,1
smidgin,1
intentions,1
accordin,1
knocking,1
como,1
listenedthe,1
plaid,1
hilarious,1
boughtåóbraindanceåóa,1
ofstuff,1
aphexåõs,1
abel,1
nelson,1
unmits,1
newspapers,1
yummmm,1
puzzeles,1
include,1
shifad,1
raised,1
official,1
doctors,1
reminds,1
dust,1
watchin,1
lifetime,1
meaningless,1
brdget,1
jones,1
inever,1
hype,1
studio,1
velly,1
marking,1
hanger,1
blanket,1
significant,1
waqt,1
pehle,1
naseeb,1
zyada,1
kisi,1
kuch,1
milta,1
hum,1
sochte,1
jeetey,1
stalking,1
reminded,1
varaya,1
elaya,1
anand,1
offers,1
beach,1
expected,1
jez,1
iscoming,1
todo,1
workand,1
whilltake,1
zogtorius,1
iåõve,1
financial,1
alian,1
posible,1
century,1
frwd,1
affectionate,1
sorts,1
owned,1
possessive,1
clarification,1
coimbatore,1
opinions,1
categories,1
ethnicity,1
census,1
transcribing,1
cakes,1
goodmate,1
asusual,1
cheered,1
franyxxxxx,1
batt,1
gained,1
pressure,1
limits,1
doke,1
laying,1
neshanth,1
byatch,1
whassup,1
chiong,1
dialogue,1
reltnship,1
pose,1
comb,1
dryer,1
fps,1
computational,1
disturbance,1
dlf,1
premarica,1
rgds,1
err,1
hitter,1
offline,1
anjola,1
txting,1
directors,1
lac,1
deposited,1
taxless,1
suply,1
projects,1
imf,1
blocked,1
corrupt,1
itna,1
karo,1
pura,1
padhe,1
torrents,1
particularly,1
slowing,1
commit,1
rightio,1
brum,1
scorable,1
paranoid,1
brin,1
sheet,1
complain,1
bettr,1
bsnl,1
offc,1
payed,1
suganya,1
dessert,1
abeg,1
profit,1
sponsors,1
onum,1
poet,1
imagination,1
famamus,1
locks,1
jenne,1
easiest,1
barcelona,1
pansy,1
jungle,1
kanji,1
srs,1
drizzling,1
appointments,1
excused,1
drama,1
struggling,1
ego,1
necessity,1
reppurcussions,1
cosign,1
hcl,1
requires,1
freshers,1
suman,1
telephonic,1
bids,1
reliant,1
fwiw,1
afford,1
arrival,1
citylink,1
props,1
pleasant,1
statements,1
bognor,1
splendid,1
ktv,1
misplaced,1
computers,1
begun,1
registration,1
permanent,1
residency,1
claire,1
risks,1
benefits,1
predicting,1
accumulation,1
programs,1
belongs,1
fated,1
shoranur,1
fuelled,1
concern,1
prior,1
grief,1
honestly,1
promptly,1
burnt,1
someplace,1
goods,1
pressies,1
ultimately,1
tor,1
motive,1
tui,1
achieve,1
korli,1
we‰û÷ll,1
dock,1
rolled,1
newscaster,1
dabbles,1
flute,1
wheel,1
theth,1
october,1
elaborating,1
safety,1
aspects,1
flow,1
developed,1
ovarian,1
cysts,1
shrink,1
upping,1
grams,1
timin,1
apes,1
ibm,1
gosh,1
spose,1
rimac,1
arestaurant,1
squid,1
dosomething,1
dabooks,1
nite+,1
eachother,1
luckily,1
starring,1
restocked,1
smoothly,1
challenging,1
breakfast,1
hamper,1
reality,1
unni,1
lacking,1
particular,1
dramastorm,1
forfeit,1
digi,1
coupla,1
sundayish,1
held,1
prasad,1
rcb,1
battle,1
kochi,1
checkup,1
smear,1
gobi,1
technologies,1
olowoyey,1
argentina,1
taxt,1
massage,1
tie,1
pos,1
lool,1
shaking,1
phones,1
scarcasim,1
naal,1
eruku,1
impressively,1
sensible,1
obedient,1
combination,1
needy,1
playng,1
yupz,1
ericson,1
der,1
luks,1
modl,1
cheesy,1
frosty,1
witin,1
nudist,1
themed,1
pump,1
signal,1
unusual,1
palm,1
printing,1
handing,1
stated,1
perpetual,1
pract,1
flung,1
justbeen,1
overa,1
brains,1
mush,1
tunde,1
missions,1
avo,1
crashed,1
cuddled,1
chachi,1
tiz,1
kanagu,1
prices,1
ringing,1
houseful,1
brats,1
pulling,1
derp,1
abusers,1
lipo,1
easter,1
netflix,1
clash,1
arr,1
oscar,1
rebtel,1
firefox,1
user,1
impressed,1
funs,1
replacing,1
ordered,1
mittelschmertz,1
paracetamol,1
arrived,1
cthen,1
conclusion,1
references,1
rugby,1
affidavit,1
twiggs,1
courtroom,1
showers,1
possessiveness,1
poured,1
golden,1
lasting,1
wtc,1
weiyi,1
private,1
paining,1
maggi,1
mee,1
nasty,1
cough,1
pooja,1
sweatter,1
ambitious,1
miiiiiiissssssssss,1
tunji,1
misscall,1
frndz,1
tall,1
robs,1
avenge,1
choices,1
toss,1
gudni,1
dancin,1
explicitly,1
nora,1
smith,1
gayle,1
crucify,1
butting,1
cedar,1
durham,1
reserved,1
wall,1
printer,1
groovy,1
groovying,1
harish,1
transfred,1
acnt,1
showrooms,1
shaping,1
attending,1
doinat,1
callon,1
configure,1
settings,1
i‰ûºm,1
isn‰ûºt,1
anal,1
pears,1
summer,1
worlds,1
oooooh,1
weåõve,1
mint,1
humans,1
studyn,1
everyboy,1
xxxxxxxx,1
answr,1
liquor,1
loko,1
lined,1
laughs,1
fireplace,1
icon,1
fifth,1
woozles,1
weasels,1
machines,1
fucks,1
ignorant,1
mys,1
downs,1
fletcher,1
bowls,1
cozy,1
buzzzz,1
vibrator,1
shake,1
trends,1
pros,1
cons,1
description,1
nuclear,1
fusion,1
iter,1
jet,1
nowhere,1
ikno,1
doesdiscount,1
shitinnit,1
jabo,1
sapna,1
manege,1
hogidhe,1
chinnu,1
swalpa,1
agidhane,1
sports,1
footbl,1
crckt,1
swell,1
tim,1
bollox,1
tol,1
ingredients,1
pocy,1
non,1
senor,1
giggle,1
possibly,1
persondie,1
nvq,1
grinder,1
buyers,1
figuring,1
entirely,1
disconnected,1
onluy,1
matters,1
offcampus,1
riley,1
wesley,1
lingo,1
approaching,1
sankranti,1
republic,1
shivratri,1
ugadi,1
fools,1
independence,1
teachers,1
childrens,1
festival,1
dasara,1
mornings,1
afternoons,1
rememberi,1
joys,1
lifeis,1
daywith,1
somewheresomeone,1
tosend,1
greeting,1
selflessness,1
initiate,1
tallent,1
wasting,1
portal,1
tgettext,1
lennon,1
bothering,1
fox,1
frndsship,1
dwn,1
slaaaaave,1
summon,1
appendix,1
slob,1
smiled,1
webpage,1
yeesh,1
gopalettan,1
participate,1
steal,1
isaiah,1
expert,1
thinl,1
importantly,1
tightly,1
wnevr,1
fal,1
fals,1
yen,1
madodu,1
nav,1
pretsorginta,1
nammanna,1
pretsovru,1
alwa,1
~phyhcmk,1
emigrated,1
hopeful,1
olol,1
stagwood,1
winterstone,1
victors,1
mofo,1
pathaya,1
enketa,1
maraikara,1
priest,1
reserves,1
intrude,1
walkabout,1
cashed,1
announced,1
blog,1
footie,1
blow,1
phil,1
neville,1
abbey,1
returning,1
punj,1
pre,1
sacked,1
barred,1
twat,1
dungerees,1
decking,1
punch,1
mentionned,1
hogolo,1
gold,1
kodstini,1
madstini,1
hogli,1
mutai,1
eerulli,1
kodthini,1
thasa,1
messed,1
tex,1
mecause,1
werebored,1
okden,1
uin,1
soundåõs,1
likeyour,1
grfun,1
updat,1
countinlots,1
xxxxx,1
tagged,1
arrive,1
hdd,1
casing,1
mystery,1
opened,1
describe,1
asus,1
randomly,1
reformat,1
plumbers,1
wrench,1
bcum,1
films,1
appeal,1
thriller,1
director,1
elephant,1
shove,1
pookie,1
nri,1
deserve,1
diddy,1
neighbor,1
toothpaste,1
poking,1
conditions,1
coccooning,1
mus,1
newquay,1
talkin,1
divorce,1
windy,1
tirunelvai,1
dusk,1
puzzles,1
stairs,1
phews,1
recycling,1
earning,1
toledo,1
tai,1
feng,1
reservations,1
swimsuit,1
squeeeeeze,1
frndshp,1
luvd,1
volcanoes,1
erupt,1
arise,1
hurricanes,1
sway,1
aroundn,1
disasters,1
lighters,1
lasagna,1
chickened,1
woould,1
raviyog,1
peripherals,1
bhayandar,1
sunoco,1
musical,1
plate,1
leftovers,1
caller,1
starving,1
fatty,1
badrith,1
owe,1
checkin,1
block,1
armenia,1
swann,1
justify,1
hunt,1
everyones,1
babysitting,1
gonnamissu,1
buttheres,1
aboutas,1
merememberin,1
asthere,1
ofsi,1
breakin,1
yaxx,1
poortiyagi,1
odalebeku,1
hanumanji,1
hanuman,1
bajarangabali,1
maruti,1
pavanaputra,1
sankatmochan,1
ramaduth,1
mahaveer,1
janarige,1
ivatte,1
kalisidare,1
olage,1
ondu,1
keluviri,1
maretare,1
inde,1
dodda,1
problum,1
nalli,1
siguviri,1
idu,1
matra,1
neglet,1
ijust,1
talked,1
opps,1
gei,1
tron,1
spiffing,1
workage,1
craving,1
supose,1
babysit,1
spaces,1
embassy,1
lightly,1
checkboxes,1
hardcore,1
batsman,1
yetty,1
approx,1
emailed,1
yifeng,1
slurp,1
brainless,1
doll,1
vehicle,1
sariyag,1
madoke,1
barolla,1
postponed,1
stocked,1
tiime,1
tears,1
afternon,1
interviews,1
resizing,1
opposed,1
somerset,1
overtime,1
nigpun,1
dismissial,1
screwd,1
bull,1
floating,1
heehee,1
arithmetic,1
percentages,1
chillaxin,1
das,1
iknow,1
wellda,1
peril,1
studentfinancial,1
monster,1
obey,1
uhhhhrmm,1
youphone,1
athome,1
youwanna,1
jack,1
helpful,1
pretend,1
hypotheticalhuagauahahuagahyuhagga,1
brainy,1
occasion,1
celebrated,1
reflection,1
values,1
affections,1
traditions,1
cantdo,1
anythingtomorrow,1
myparents,1
aretaking,1
outfor,1
katexxx,1
level,1
gate,1
board,1
overheating,1
reslove,1
inst,1
western,1
notixiquating,1
laxinorficated,1
bambling,1
entropication,1
oblisingately,1
opted,1
masteriastering,1
amplikater,1
fidalfication,1
champlaxigating,1
atrocious,1
wotz,1
junna,1
accident,1
divert,1
wadebridge,1
vill,1
orc,1
seeking,1
wherre,1
resolution,1
frank,1
logoff,1
parkin,1
asa,1
charming,1
mention,1
served,1
arnt,1
xxxxxxxxxxxxxx,1
alle,1
mone,1
eppolum,1
pole,1
allalo,1
fundamentals,1
pixels,1
optical,1
digital,1
dooms,1
noiåõm,1
burgundy,1
captaining,1
amrita,1
profile,1
bpo,1
nighters,1
persevered,1
regretted,1
wasnåõt,1
spouse,1
pmt,1
shldxxxx,1
scenario,1
spun,1
wrld,1
pounded,1
broadband,1
processed,1
installation,1
tensed,1
coughing,1
survey,1
warned,1
sprint,1
gower,1
åômorrow,1
sabarish,1
inpersonation,1
flea,1
taj,1
symbol,1
lesser,1
known,1
facts,1
wifes,1
delivery,1
arises,1
hari,1
webadres,1
geting,1
passport,1
multiply,1
independently,1
showed,1
twins,1
equally,1
uneventful,1
pesky,1
cyclists,1
adi,1
entey,1
nattil,1
kittum,1
hire,1
hitman,1
cps,1
outages,1
conserve,1
jordan,1
voted,1
epi,1
bare,1
bhaskar,1
gong,1
kaypoh,1
basketball,1
outdoors,1
interfued,1
listed,1
apology,1
hustle,1
forth,1
harlem,1
workout,1
fats,1
zac,1
hui,1
versus,1
underdtand,1
it+both,1
+cheer,1
up+not,1
muchxxlove,1
locaxx,1
skateboarding,1
thrown,1
winds,1
bandages,1
sky,1
hectic,1
virtual,1
apnt,1
pants,1
gosri,1
lanka,1
merely,1
relationship,1
wherevr,1
gudnyt,1
plum,1
smacks,1
alot,1
formatting,1
attracts,1
lancaster,1
neway,1
couldnåõt,1
soc,1
bsn,1
advising,1
lobby,1
showered,1
ything,1
lubly,1
catches,1
specify,1
domain,1
nusstu,1
bari,1
hudgi,1
yorge,1
pataistha,1
ertini,1
hasbro,1
august,1
jump,1
hoops,1
ummifying,1
associate,1
rip,1
uterus,1
jacuzzi,1
aldrine,1
rtm,1
sources,1
unhappiness,1
necesity,1
witout,1
colleg,1
wth,1
functions,1
events,1
espe,1
irritated,1
wrd,1
wthout,1
takecare,1
univ,1
rajas,1
burrito,1
stitch,1
trouser,1
cheetos,1
names,1
synced,1
shangela,1
poo,1
gloucesterroad,1
uup,1
ouch,1
forgiveness,1
glo,1
wlcome,1
timi,1
fishrman,1
sack,1
strtd,1
throwin,1
physics,1
praveesh,1
delicious,1
salad,1
beers,1
whore,1
flood,1
beads,1
wishlist,1
section,1
nitro,1
comfort,1
luxury,1
sold,1
creative,1
reffering,1
getiing,1
weirdy,1
brownies,1
restrict,1
greece,1
recorded,1
someday,1
grandfather,1
expired,1
yuou,1
spot,1
bunch,1
lotto,1
purchases,1
authorise,1
gimmi,1
goss,1
ystrday,1
chile,1
subletting,1
ammae,1
steering,1
sleeps,1
rounder,1
required,1
lambu,1
batchlor,1
zoom,1
pure,1
hearted,1
enemies,1
smiley,1
gail,1
ltr,1
yaxxx,1
theoretically,1
hooked,1
formally,1
multimedia,1
vague,1
accounting,1
delayed,1
housing,1
agency,1
renting,1
presents,1
nicky,1
gumby,1
sized,1
tarpon,1
springs,1
cab,1
steps,1
limited,1
radiator,1
proper,1
tongued,1
shorts,1
suddenly,1
flurries,1
perform,1
cards,1
rebooting,1
nigh,1
nooooooo,1
cable,1
outage,1
sos,1
playin,1
guoyang,1
rahul,1
dengra,1
antelope,1
toplay,1
fieldof,1
selfindependence,1
contention,1
borderline,1
nightnight,1
possibility,1
grooved,1
mising,1
lanre,1
fakeye,1
eckankar,1
degrees,1
dodgey,1
seing,1
funky,1
asssssholeeee,1
ceri,1
rebel,1
dreamz,1
buddy,1
blokes,1
nationwide,1
newport,1
shortly,1
juliana,1
nachos,1
dizzamn,1
suitemates,1
nimbomsons,1
continent,1
emerging,1
fiend,1
impede,1
hesitant,1
thousad,1
nose,1
essay,1
tram,1
vic,1
coherently,1
gran,1
onlyfound,1
afew,1
cusoon,1
honi,1
southern,1
rayan,1
macleran,1
balls,1
olave,1
mandara,1
trishul,1
woo,1
hoo,1
panties,1
thout,1
flatter,1
pints,1
carlin,1
ciao,1
starve,1
impression,1
motivate,1
darkness,1
wknd,1
yalrigu,1
heltini,1
iyo,1
shared,1
uttered,1
trusting,1
noice,1
esaplanade,1
occurs,1
enna,1
kalaachutaarama,1
coco,1
sporadically,1
youåõre,1
burden,1
harder,1
nbme,1
sickness,1
gam,1
smash,1
religiously,1
await,1
muhommad,1
penny,1
hubby,1
fiting,1
load,1
unconvinced,1
elaborate,1
willpower,1
absence,1
answerin,1
evey,1
mnth,1
prin,1
ashwini,1
thet,1
skinny,1
casting,1
hockey,1
elections,1
shouldn‰û÷t,1
hlday,1
camp,1
amrca,1
serena,1
prescribed,1
med,1
meatballs,1
approve,1
panalam,1
posts,1
fortune,1
allday,1
perf,1
outsider,1
receipts‰ûówell,1
what‰û÷s,1
familiar,1
depression,1
infact,1
canåõt,1
cornwall,1
isnåõt,1
shite,1
kip,1
hont,1
nannys,1
puts,1
perspective,1
conveying,1
debating,1
florida,1
hidden,1
teams,1
swhrt,1
eye,1
general,1
jetton,1
lunsford,1
enjoying,1
kfc,1
meals,1
gravy,1
attended,1
tuth,1
eviction,1
spiral,1
michael,1
riddance,1
suffers,1
raglan,1
edward,1
cricket,1
closeby,1
skye,1
bookedthe,1
hut,1
drastic,1
garments,1
sez,1
arab,1
eshxxxxxxxxxxx,1
lay,1
bimbo,1
ugo,1
detroit,1
portege,1
semiobscure,1
loosu,1
careless,1
freaking,1
myspace,1
logged,1
partner,1
method,1
jewelry,1
fumbling,1
weekdays,1
nails,1
asia,1
stil,1
tobed,1
asthma,1
attack,1
ball,1
spin,1
haiyoh,1
million,1
prsn,1
saves,1
audiitions,1
relocate,1
pocked,1
motivating,1
brison,1
spelled,1
caps,1
among,1
bullshit,1
motherfucker,1
woodland,1
avenue,1
parish,1
magazine,1
telephone,1
billy,1
awww,1
useless,1
loo,1
swollen,1
glands,1
bcaz,1
stu,1
truble,1
evone,1
hates,1
view,1
gays,1
games,1
dual,1
hostile,1
haircut,1
breezy,1
apple,1
tulsi,1
leaf,1
lemon,1
problms,1
litres,1
watr,1
diseases,1
snd,1
lavender,1
manky,1
scouse,1
travelling,1
inmind,1
recreation,1
judgemental,1
fridays,1
waheeda,1
allow,1
bot,1
notes,1
eventually,1
tolerance,1
hits,1
hellogorgeous,1
nitw,1
texd,1
hopeu,1
ward,1
jaz,1
exorcism,1
emily,1
emotion,1
prayrs,1
othrwise,1
ujhhhhhhh,1
sandiago,1
parantella,1
hugging,1
sweater,1
mango,1
involved,1
consent,1
can‰û÷t,1
mathews,1
tait,1
edwards,1
anderson,1
haunt,1
promoting,1
crowd,1
snowboarding,1
christmassy,1
baaaaaaaabe,1
ignoring,1
shola,1
sagamu,1
lautech,1
vital,1
completes,1
education,1
rates,1
zealand,1
qet,1
dial,1
browser,1
surf,1
conversations,1
senses,1
overemphasise,1
internal,1
subs,1
extract,1
immed,1
skint,1
fancied,1
bevies,1
waz,1
othrs,1
spoon,1
watchng,1
comfey,1
quitting,1
leasttimes,1
wudn,1
frequently,1
cupboard,1
route,1
mro,1
risk,1
grasp,1
flavour,1
laready,1
denying,1
dom,1
ffffuuuuuuu,1
julianaland,1
oblivious,1
dehydrated,1
mapquest,1
dogwood,1
archive,1
lengths,1
behalf,1
stunning,1
visa,1
gucci,1
sozi,1
culdnt,1
talkbut,1
wannatell,1
wenwecan,1
smsing,1
efficient,1
erutupalam,1
thandiyachu,1
invention,1
lyrics,1
nevr,1
unrecognized,1
somone,1
valuing,1
definitly,1
undrstnd,1
ger,1
toking,1
syd,1
khelate,1
kintu,1
opponenter,1
dhorte,1
lage,1
fried,1
spares,1
looovvve,1
warwick,1
tmw,1
canceled,1
havn,1
tops,1
grandma,1
parade,1
posting,1
grumble,1
linear,1
algebra,1
decorating,1
roomate,1
graduated,1
adjustable,1
cooperative,1
allows,1
nottingham,1
mph,1
mornin,1
thanku,1
morro,1
guessed,1
beside,1
brisk,1
walks,1
tellmiss,1
contribute,1
greatly,1
urgh,1
coach,1
smells,1
duvet,1
predictive,1
sept,1
beverage,1
pist,1
surrender,1
symptoms,1
rdy,1
backwards,1
abstract,1
africa,1
avin,1
quiteamuzing,1
thatåõscool,1
rows,1
engagement,1
fixd,1
njan,1
vilikkam,1
sudn,1
maths,1
chapter,1
chop,1
noooooooo,1
firsg,1
split,1
heat,1
applyed,1
laid,1
voucher,1
virgin,1
sumfing,1
hiphop,1
oxygen,1
resort,1
roller,1
sport,1
showr,1
upon,1
ceiling,1
presnts,1
bcz,1
jeevithathile,1
irulinae,1
neekunna,1
prakasamanu,1
sneham,1
prakasam,1
ennal,1
mns,1
blowing,1
firmware,1
vijaykanth,1
hide,1
anythiing,1
keypad,1
btwn,1
decades,1
goverment,1
expects,1
spice,1
prasanth,1
ettans,1
appy,1
fizz,1
contains,1
genus,1
robinson,1
outs,1
soz,1
imat,1
mums,1
sometext,1
wewa,1
iriver,1
surly,1
ending,1
capital,1
mmmmmmm,1
snuggles,1
contented,1
whispers,1
error,1
healthy,1
sticky,1
brother‰û÷s,1
scraped,1
barrel,1
misfits,1
sections,1
clearer,1
peach,1
tasts,1
shindig,1
phonebook,1
eng,1
rocking,1
ashes,1
shijutta,1
offense,1
dvg,1
vinobanagar,1
condition,1
ovulate,1
woah,1
realising,1
orh,1
hides,1
thousands,1
secrets,1
canteen,1
stressfull,1
adds,1
pleasured,1
providing,1
assistance,1
whens,1
watever,1
built,1
lonlines,1
lotz,1
memories,1
gailxx,1
repeat,1
instructions,1
complacent,1
mina,1
miwa,1
statement,1
mth,1
mths,1
opposite,1
heavily,1
dolls,1
patrick,1
swayze,1
quarter,1
flirting,1
fired,1
limping,1
followed,1
oga,1
poorly,1
punishment,1
brb,1
kill,1
predicte,1
situations,1
loosing,1
smaller,1
capacity,1
defer,1
admission,1
checkmate,1
chess,1
persian,1
phrase,1
shah,1
maat,1
rats,1
themes,1
burns,1
week+,1
photoshop,1
manageable,1
increase,1
north,1
carolina,1
texas,1
gre,1
bomb,1
breathing,1
powerful,1
weapon,1
lovly,1
clas,1
lit,1
loooooool,1
couch,1
rents,1
swashbuckling,1
terror,1
cruel,1
decent,1
joker,1
dip,1
gek,1
cruise,1
feelin,1
happiest,1
characters,1
differences,1
lists,1
antibiotic,1
abdomen,1
gynae,1
exposed,1
chastity,1
device,1
beatings,1
uses,1
gut,1
wrenching,1
tallahassee,1
taka,1
wrote,1
ritten,1
fold,1
solihull,1
nhs,1
local,1
terminated,1
inconvenience,1
dentists,1
snot,1
unintentional,1
nonetheless,1
hooch,1
toaday,1
splat,1
grazed,1
knees,1
deny,1
hearin,1
torture,1
england,1
hopeing,1
wasn‰û÷t,1
sisters,1
lips,1
congratulation,1
court,1
chapel,1
frontierville,1
mountain,1
deer,1
mailed,1
varma,1
secure,1
farting,1
ortxt,1
stuffing,1
ahhhh,1
kaila,1
hos,1
collapsed,1
cumming,1
jade,1
paul,1
barmed,1
thinkthis,1
dangerous,1
rushing,1
channel,1
coulda,1
okday,1
hmph,1
baller,1
punto,1
ayo,1
travelled,1
toyota,1
camry,1
olayiwola,1
mileage,1
landing,1
clover,1
achan,1
amma,1
rencontre,1
mountains,1
nìâte,1
puppy,1
noise,1
crossing,1
inconvenient,1
adsense,1
approved,1
dudette,1
perumbavoor,1
stage,1
clarify,1
preponed,1
younger,1
liver,1
opener,1
guides,1
watched,1
loneliness,1
skyving,1
club,1
onwords,1
mtnl,1
mumbai,1
rajitha,1
ranju,1
styles,1
disagreeable,1
afterwards,1
uawake,1
feellikw,1
justfound,1
aletter,1
thatmum,1
gotmarried,1
thnov,1
ourbacks,1
fuckinnice,1
rearrange,1
dormitory,1
astronomer,1
starer,1
election,1
recount,1
hitler,1
eleven,1
worms,1
suffering,1
dysentry,1
andre,1
virgil,1
gokila,1
shanil,1
exchanged,1
uncut,1
diamond,1
dino,1
prem,1
kotees,1
hassling,1
andres,1
haughaighgtujhyguj,1
fassyole,1
blacko,1
londn,1
responsibilities,1
humanities,1
reassurance,1
aslamalaikkum,1
tohar,1
beeen,1
muht,1
albi,1
mufti,1
mahfuuz,1
enufcredeit,1
tocall,1
ileave,1
+get,1
treats,1
okors,1
ibored,1
adding,1
zeros,1
savings,1
goigng,1
perfume,1
sday,1
grocers,1
pubs,1
frankie,1
bennys,1
warner,1
changing,1
diapers,1
owed,1
unlike,1
patients,1
turkeys,1
helens,1
princes,1
unintentionally,1
wenever,1
stability,1
tranquility,1
vibrant,1
colourful,1
renewal,1
bawling,1
failure,1
failing,1
velusamy,1
facilities,1
karnan,1
bluray,1
i‰û÷ve,1
salt,1
wounds,1
logging,1
geoenvironmental,1
implications,1
fuuuuck,1
salmon,1
uploaded,1
wrkin,1
awkward,1
splash,1
leg,1
musta,1
overdid,1
downloaded,1
foned,1
chuck,1
port,1
stuffs,1
juswoke,1
boatin,1
docks,1
spinout,1
uworld,1
qbank,1
assessment,1
tke,1
temales,1
vid,1
finishd,1
dull,1
studies,1
anyones,1
treadmill,1
craigslist,1
absolutely,1
swan,1
lamp,1
foward,1
misundrstud,1
genes,1
resuming,1
reapply,1
treatin,1
treacle,1
mumhas,1
beendropping,1
theplace,1
adress,1
oyster,1
sashimi,1
rumbling,1
marandratha,1
correctly,1
alaikkum,1
heaven,1
pisces,1
aquarius,1
steyn,1
wicket,1
sterm,1
resolved,1
jam,1
hannaford,1
wheat,1
chex,1
grownup,1
costume,1
jerk,1
stink,1
openings,1
upcharge,1
guai,1
select,1
astrology,1
slacking,1
mentor,1
percent,1
sane,1
helping,1
spacebucks,1
squeezed,1
maintaining,1
dreading,1
thou,1
suggestion,1
lands,1
helps,1
forgt,1
ajith,1
ooooooh,1
yoville,1
asda,1
counts,1
officer,1
bffs,1
carly,1
seperated,1
žö´‰ó,1
‹û¬ud,1
brolly,1
franxx,1
prometazine,1
syrup,1
mls,1
feed,1
singapore,1
victoria,1
pocay,1
wocay,1
morrowxxxx,1
broth,1
ramen,1
fowler,1
tats,1
flew,1
attention,1
tix,1
fne,1
youdoing,1
worc,1
foregate,1
shrub,1
getanth,1
receipts,1
pendent,1
navigate,1
choosing,1
require,1
guidance,1
chick,1
boobs,1
revealing,1
gyno,1
belong,1
treasure,1
slide,1
positive,1
negative,1
hmmmm,1
title,1
command,1
stressful,1
holby,1
lecturer,1
repeating,1
yeovil,1
motor,1
max,1
rhode,1
bong,1
ofcourse,1
upload,1
tamilnadu,1
tip,1
identification,1
limit,1
boundaries,1
endless,1
reassuring,1
young,1
referin,1
saibaba,1
colany,1
chic,1
declare,1
disappointment,1
irritation,1
tantrum,1
compliments,1
adventuring,1
chief,1
mouse,1
desk,1
childporn,1
jumpers,1
hat,1
belt,1
cribbs,1
spiritual,1
barring,1
sudden,1
influx,1
kane,1
shud,1
pshew,1
units,1
accent,1
dental,1
nmde,1
dump,1
heap,1
lowes,1
salesman,1
pity,1
suggestions,1
bitching,1
